,feature,weight,std
0,656.8,0.09655172413793103,0.013793103448275845
1,658.2,0.07586206896551725,0.013793103448275845
2,693.3,0.07586206896551724,0.025804533701889256
3,361.5,0.06206896551724141,0.055172413793103454
4,671.7,0.06206896551724137,0.05067909812654851
5,382.4,0.0482758620689655,0.035165651817881276
6,513,0.0482758620689655,0.01689303270884954
7,481.9,0.04137931034482758,0.025804533701889266
8,822.2,0.04137931034482758,0.025804533701889266
9,992.6,0.034482758620689655,0.04876598490941706
10,663.6,0.034482758620689634,0.021808811449437106
11,2511,0.03448275862068961,0.0
12,812.1,0.03448275862068961,0.0
13,503.1,0.03448275862068961,0.0
14,665,0.02068965517241379,0.027586206896551727
15,434.8,0.02068965517241379,0.027586206896551727
16,352.5,0.02068965517241379,0.027586206896551727
17,685.2,0.02068965517241379,0.027586206896551727
18,608.9,0.02068965517241377,0.016893032708849485
19,697.3,0.02068965517241377,0.016893032708849485
20,1989.9,0.02068965517241377,0.016893032708849485
21,486.2,0.02068965517241377,0.016893032708849485
22,713.4,0.013793103448275867,0.02758620689655173
23,687.9,0.013793103448275845,0.016893032708849485
24,355.5,0.006896551724137922,0.013793103448275845
25,1440.6,0.006896551724137922,0.013793103448275845
26,782.8,0.0,0.0
27,798.2,0.0,0.0
28,808.3,0.0,0.0
29,780.3,0.0,0.0
30,807.1,0.0,0.0
31,805.8,0.0,0.0
32,804.5,0.0,0.0
33,803.3,0.0,0.0
34,802,0.0,0.0
35,800.7,0.0,0.0
36,799.5,0.0,0.0
37,796.9,0.0,0.0
38,784.1,0.0,0.0
39,795.6,0.0,0.0
40,794.4,0.0,0.0
41,809.6,0.0,0.0
42,781.5,0.0,0.0
43,791.8,0.0,0.0
44,790.5,0.0,0.0
45,789.2,0.0,0.0
46,788,0.0,0.0
47,786.7,0.0,0.0
48,785.4,0.0,0.0
49,793.1,0.0,0.0
50,835.9,0.0,0.0
51,810.9,0.0,0.0
52,838.4,0.0,0.0
53,834.7,0.0,0.0
54,833.4,0.0,0.0
55,832.2,0.0,0.0
56,837.1,0.0,0.0
57,830.9,0.0,0.0
58,829.7,0.0,0.0
59,828.4,0.0,0.0
60,827.2,0.0,0.0
61,825.9,0.0,0.0
62,824.7,0.0,0.0
63,839.6,0.0,0.0
64,843.3,0.0,0.0
65,823.4,0.0,0.0
66,840.8,0.0,0.0
67,842.1,0.0,0.0
68,779,0.0,0.0
69,820.9,0.0,0.0
70,819.7,0.0,0.0
71,818.4,0.0,0.0
72,817.2,0.0,0.0
73,815.9,0.0,0.0
74,814.6,0.0,0.0
75,813.4,0.0,0.0
76,2517.4,0.0,0.0
77,777.7,0.0,0.0
78,722.7,0.0,0.0
79,738.6,0.0,0.0
80,737.2,0.0,0.0
81,735.9,0.0,0.0
82,734.6,0.0,0.0
83,733.3,0.0,0.0
84,732,0.0,0.0
85,730.6,0.0,0.0
86,729.3,0.0,0.0
87,728,0.0,0.0
88,726.7,0.0,0.0
89,725.3,0.0,0.0
90,724,0.0,0.0
91,721.4,0.0,0.0
92,776.4,0.0,0.0
93,720,0.0,0.0
94,718.7,0.0,0.0
95,717.4,0.0,0.0
96,716,0.0,0.0
97,714.7,0.0,0.0
98,712,0.0,0.0
99,710.7,0.0,0.0
100,709.4,0.0,0.0
101,708,0.0,0.0
102,706.7,0.0,0.0
103,705.4,0.0,0.0
104,704,0.0,0.0
105,739.9,0.0,0.0
106,741.2,0.0,0.0
107,742.5,0.0,0.0
108,743.8,0.0,0.0
109,775.1,0.0,0.0
110,773.8,0.0,0.0
111,772.5,0.0,0.0
112,771.2,0.0,0.0
113,769.9,0.0,0.0
114,768.6,0.0,0.0
115,845.8,0.0,0.0
116,767.3,0.0,0.0
117,766,0.0,0.0
118,764.7,0.0,0.0
119,763.4,0.0,0.0
120,762.1,0.0,0.0
121,760.8,0.0,0.0
122,759.5,0.0,0.0
123,758.2,0.0,0.0
124,756.9,0.0,0.0
125,755.6,0.0,0.0
126,754.3,0.0,0.0
127,753,0.0,0.0
128,751.7,0.0,0.0
129,750.4,0.0,0.0
130,749.1,0.0,0.0
131,747.8,0.0,0.0
132,746.5,0.0,0.0
133,745.1,0.0,0.0
134,844.5,0.0,0.0
135,854.4,0.0,0.0
136,847,0.0,0.0
137,956.5,0.0,0.0
138,954.2,0.0,0.0
139,953,0.0,0.0
140,951.8,0.0,0.0
141,950.7,0.0,0.0
142,949.5,0.0,0.0
143,948.3,0.0,0.0
144,947.2,0.0,0.0
145,946,0.0,0.0
146,944.8,0.0,0.0
147,943.7,0.0,0.0
148,942.5,0.0,0.0
149,941.3,0.0,0.0
150,940.2,0.0,0.0
151,939,0.0,0.0
152,937.8,0.0,0.0
153,936.7,0.0,0.0
154,935.5,0.0,0.0
155,934.3,0.0,0.0
156,933.2,0.0,0.0
157,932,0.0,0.0
158,930.8,0.0,0.0
159,929.7,0.0,0.0
160,928.5,0.0,0.0
161,927.3,0.0,0.0
162,926.1,0.0,0.0
163,925,0.0,0.0
164,923.8,0.0,0.0
165,955.3,0.0,0.0
166,957.7,0.0,0.0
167,921.4,0.0,0.0
168,958.8,0.0,0.0
169,996.4,0.0,0.0
170,989.2,0.0,0.0
171,988,0.0,0.0
172,986.8,0.0,0.0
173,985.7,0.0,0.0
174,984.5,0.0,0.0
175,983.3,0.0,0.0
176,982.2,0.0,0.0
177,981,0.0,0.0
178,979.8,0.0,0.0
179,978.7,0.0,0.0
180,977.5,0.0,0.0
181,976.3,0.0,0.0
182,975.1,0.0,0.0
183,974,0.0,0.0
184,972.8,0.0,0.0
185,971.6,0.0,0.0
186,970.5,0.0,0.0
187,969.3,0.0,0.0
188,968.1,0.0,0.0
189,967,0.0,0.0
190,965.8,0.0,0.0
191,964.7,0.0,0.0
192,963.5,0.0,0.0
193,962.3,0.0,0.0
194,961.2,0.0,0.0
195,960,0.0,0.0
196,922.6,0.0,0.0
197,920.3,0.0,0.0
198,848.2,0.0,0.0
199,883.5,0.0,0.0
200,881.1,0.0,0.0
201,879.9,0.0,0.0
202,878.7,0.0,0.0
203,877.5,0.0,0.0
204,876.2,0.0,0.0
205,875,0.0,0.0
206,873.8,0.0,0.0
207,872.6,0.0,0.0
208,871.4,0.0,0.0
209,870.2,0.0,0.0
210,869,0.0,0.0
211,867.8,0.0,0.0
212,866.6,0.0,0.0
213,865.4,0.0,0.0
214,864.1,0.0,0.0
215,862.9,0.0,0.0
216,861.7,0.0,0.0
217,860.5,0.0,0.0
218,859.3,0.0,0.0
219,858,0.0,0.0
220,856.8,0.0,0.0
221,855.6,0.0,0.0
222,701.4,0.0,0.0
223,853.2,0.0,0.0
224,851.9,0.0,0.0
225,850.7,0.0,0.0
226,849.5,0.0,0.0
227,882.3,0.0,0.0
228,884.7,0.0,0.0
229,919.1,0.0,0.0
230,885.9,0.0,0.0
231,917.9,0.0,0.0
232,916.7,0.0,0.0
233,915.6,0.0,0.0
234,914.4,0.0,0.0
235,913.2,0.0,0.0
236,912,0.0,0.0
237,910.8,0.0,0.0
238,909.7,0.0,0.0
239,908.5,0.0,0.0
240,907.3,0.0,0.0
241,906.1,0.0,0.0
242,904.9,0.0,0.0
243,903.8,0.0,0.0
244,902.6,0.0,0.0
245,901.4,0.0,0.0
246,900.2,0.0,0.0
247,899,0.0,0.0
248,897.8,0.0,0.0
249,896.6,0.0,0.0
250,895.4,0.0,0.0
251,894.2,0.0,0.0
252,893,0.0,0.0
253,891.8,0.0,0.0
254,890.7,0.0,0.0
255,889.5,0.0,0.0
256,888.3,0.0,0.0
257,887.1,0.0,0.0
258,702.7,0.0,0.0
259,686.6,0.0,0.0
260,700,0.0,0.0
261,454.9,0.0,0.0
262,472,0.0,0.0
263,470.6,0.0,0.0
264,469.2,0.0,0.0
265,467.7,0.0,0.0
266,466.3,0.0,0.0
267,464.9,0.0,0.0
268,463.5,0.0,0.0
269,462,0.0,0.0
270,460.6,0.0,0.0
271,459.2,0.0,0.0
272,457.8,0.0,0.0
273,456.3,0.0,0.0
274,453.5,0.0,0.0
275,474.8,0.0,0.0
276,452,0.0,0.0
277,450.6,0.0,0.0
278,449.2,0.0,0.0
279,447.8,0.0,0.0
280,446.3,0.0,0.0
281,444.9,0.0,0.0
282,443.5,0.0,0.0
283,442,0.0,0.0
284,440.6,0.0,0.0
285,439.1,0.0,0.0
286,437.7,0.0,0.0
287,436.3,0.0,0.0
288,473.4,0.0,0.0
289,476.3,0.0,0.0
290,432,0.0,0.0
291,500.3,0.0,0.0
292,520,0.0,0.0
293,518.6,0.0,0.0
294,517.2,0.0,0.0
295,515.8,0.0,0.0
296,514.3,0.0,0.0
297,511.5,0.0,0.0
298,510.1,0.0,0.0
299,508.7,0.0,0.0
300,507.3,0.0,0.0
301,505.9,0.0,0.0
302,504.5,0.0,0.0
303,501.7,0.0,0.0
304,498.9,0.0,0.0
305,477.7,0.0,0.0
306,497.5,0.0,0.0
307,496.1,0.0,0.0
308,494.6,0.0,0.0
309,493.2,0.0,0.0
310,491.8,0.0,0.0
311,490.4,0.0,0.0
312,489,0.0,0.0
313,487.6,0.0,0.0
314,484.8,0.0,0.0
315,483.3,0.0,0.0
316,480.5,0.0,0.0
317,479.1,0.0,0.0
318,433.4,0.0,0.0
319,430.5,0.0,0.0
320,698.7,0.0,0.0
321,364.5,0.0,0.0
322,383.9,0.0,0.0
323,380.9,0.0,0.0
324,379.4,0.0,0.0
325,377.9,0.0,0.0
326,376.5,0.0,0.0
327,375,0.0,0.0
328,373.5,0.0,0.0
329,372,0.0,0.0
330,370.5,0.0,0.0
331,369,0.0,0.0
332,367.5,0.0,0.0
333,366,0.0,0.0
334,363,0.0,0.0
335,386.8,0.0,0.0
336,360,0.0,0.0
337,358.5,0.0,0.0
338,357,0.0,0.0
339,354,0.0,0.0
340,351,0.0,0.0
341,349.5,0.0,0.0
342,348,0.0,0.0
343,346.5,0.0,0.0
344,345,0.0,0.0
345,343.5,0.0,0.0
346,341.9,0.0,0.0
347,340.4,0.0,0.0
348,385.3,0.0,0.0
349,388.3,0.0,0.0
350,429.1,0.0,0.0
351,410.2,0.0,0.0
352,427.6,0.0,0.0
353,426.2,0.0,0.0
354,424.7,0.0,0.0
355,423.3,0.0,0.0
356,421.9,0.0,0.0
357,420.4,0.0,0.0
358,419,0.0,0.0
359,417.5,0.0,0.0
360,416,0.0,0.0
361,414.6,0.0,0.0
362,413.1,0.0,0.0
363,411.7,0.0,0.0
364,408.8,0.0,0.0
365,389.8,0.0,0.0
366,407.3,0.0,0.0
367,405.9,0.0,0.0
368,404.4,0.0,0.0
369,403,0.0,0.0
370,401.5,0.0,0.0
371,400,0.0,0.0
372,398.6,0.0,0.0
373,397.1,0.0,0.0
374,395.6,0.0,0.0
375,394.2,0.0,0.0
376,392.7,0.0,0.0
377,391.2,0.0,0.0
378,521.4,0.0,0.0
379,522.8,0.0,0.0
380,524.2,0.0,0.0
381,628.1,0.0,0.0
382,644.5,0.0,0.0
383,643.2,0.0,0.0
384,641.8,0.0,0.0
385,640.4,0.0,0.0
386,639.1,0.0,0.0
387,637.7,0.0,0.0
388,636.3,0.0,0.0
389,635,0.0,0.0
390,633.6,0.0,0.0
391,632.2,0.0,0.0
392,630.9,0.0,0.0
393,629.5,0.0,0.0
394,626.8,0.0,0.0
395,647.3,0.0,0.0
396,625.4,0.0,0.0
397,624,0.0,0.0
398,622.6,0.0,0.0
399,621.3,0.0,0.0
400,619.9,0.0,0.0
401,618.5,0.0,0.0
402,617.1,0.0,0.0
403,615.8,0.0,0.0
404,614.4,0.0,0.0
405,613,0.0,0.0
406,611.6,0.0,0.0
407,610.3,0.0,0.0
408,645.9,0.0,0.0
409,648.6,0.0,0.0
410,525.6,0.0,0.0
411,675.8,0.0,0.0
412,696,0.0,0.0
413,694.7,0.0,0.0
414,692,0.0,0.0
415,690.6,0.0,0.0
416,689.3,0.0,0.0
417,1004.2,0.0,0.0
418,683.9,0.0,0.0
419,682.5,0.0,0.0
420,681.2,0.0,0.0
421,679.8,0.0,0.0
422,678.5,0.0,0.0
423,677.1,0.0,0.0
424,674.4,0.0,0.0
425,650,0.0,0.0
426,673.1,0.0,0.0
427,670.4,0.0,0.0
428,669,0.0,0.0
429,667.7,0.0,0.0
430,666.3,0.0,0.0
431,662.2,0.0,0.0
432,660.9,0.0,0.0
433,659.5,0.0,0.0
434,655.4,0.0,0.0
435,654.1,0.0,0.0
436,652.7,0.0,0.0
437,651.3,0.0,0.0
438,607.5,0.0,0.0
439,606.1,0.0,0.0
440,604.8,0.0,0.0
441,545.1,0.0,0.0
442,561.8,0.0,0.0
443,560.5,0.0,0.0
444,559.1,0.0,0.0
445,557.7,0.0,0.0
446,556.3,0.0,0.0
447,554.9,0.0,0.0
448,553.5,0.0,0.0
449,552.1,0.0,0.0
450,550.7,0.0,0.0
451,549.3,0.0,0.0
452,547.9,0.0,0.0
453,546.5,0.0,0.0
454,543.8,0.0,0.0
455,603.4,0.0,0.0
456,542.3,0.0,0.0
457,541,0.0,0.0
458,539.6,0.0,0.0
459,538.2,0.0,0.0
460,536.8,0.0,0.0
461,535.4,0.0,0.0
462,534,0.0,0.0
463,532.6,0.0,0.0
464,531.2,0.0,0.0
465,529.8,0.0,0.0
466,528.4,0.0,0.0
467,527,0.0,0.0
468,563.2,0.0,0.0
469,564.6,0.0,0.0
470,566,0.0,0.0
471,567.4,0.0,0.0
472,602,0.0,0.0
473,600.6,0.0,0.0
474,599.2,0.0,0.0
475,597.9,0.0,0.0
476,596.5,0.0,0.0
477,595.1,0.0,0.0
478,593.7,0.0,0.0
479,592.3,0.0,0.0
480,591,0.0,0.0
481,589.6,0.0,0.0
482,588.2,0.0,0.0
483,586.8,0.0,0.0
484,585.4,0.0,0.0
485,584,0.0,0.0
486,582.7,0.0,0.0
487,581.3,0.0,0.0
488,579.9,0.0,0.0
489,578.5,0.0,0.0
490,577.1,0.0,0.0
491,575.7,0.0,0.0
492,574.3,0.0,0.0
493,573,0.0,0.0
494,571.6,0.0,0.0
495,570.2,0.0,0.0
496,568.8,0.0,0.0
497,1000.3,0.0,0.0
498,1011.9,0.0,0.0
499,1008,0.0,0.0
500,2158.4,0.0,0.0
501,2153.4,0.0,0.0
502,2150.9,0.0,0.0
503,2148.4,0.0,0.0
504,2145.9,0.0,0.0
505,2143.5,0.0,0.0
506,2141,0.0,0.0
507,2138.5,0.0,0.0
508,2136,0.0,0.0
509,2133.5,0.0,0.0
510,2131,0.0,0.0
511,2128.5,0.0,0.0
512,2126,0.0,0.0
513,2123.5,0.0,0.0
514,2120.9,0.0,0.0
515,2118.4,0.0,0.0
516,2115.9,0.0,0.0
517,2113.4,0.0,0.0
518,2110.9,0.0,0.0
519,2108.4,0.0,0.0
520,2105.8,0.0,0.0
521,2103.3,0.0,0.0
522,2100.8,0.0,0.0
523,2098.2,0.0,0.0
524,2095.7,0.0,0.0
525,2093.2,0.0,0.0
526,2090.6,0.0,0.0
527,2088.1,0.0,0.0
528,2155.9,0.0,0.0
529,2160.8,0.0,0.0
530,2083,0.0,0.0
531,2163.3,0.0,0.0
532,2229.3,0.0,0.0
533,2226.9,0.0,0.0
534,2224.4,0.0,0.0
535,2222,0.0,0.0
536,2219.6,0.0,0.0
537,2217.2,0.0,0.0
538,2214.8,0.0,0.0
539,2212.3,0.0,0.0
540,2209.9,0.0,0.0
541,2207.5,0.0,0.0
542,2205,0.0,0.0
543,2202.6,0.0,0.0
544,2200.1,0.0,0.0
545,2197.7,0.0,0.0
546,2195.3,0.0,0.0
547,2192.8,0.0,0.0
548,2190.4,0.0,0.0
549,2187.9,0.0,0.0
550,2185.5,0.0,0.0
551,2183,0.0,0.0
552,2180.6,0.0,0.0
553,2178.1,0.0,0.0
554,2175.6,0.0,0.0
555,2173.2,0.0,0.0
556,2170.7,0.0,0.0
557,2168.2,0.0,0.0
558,2165.8,0.0,0.0
559,2085.6,0.0,0.0
560,2080.5,0.0,0.0
561,2234.1,0.0,0.0
562,2000.4,0.0,0.0
563,1995.2,0.0,0.0
564,1992.6,0.0,0.0
565,1987.3,0.0,0.0
566,1984.7,0.0,0.0
567,1982,0.0,0.0
568,1979.4,0.0,0.0
569,1976.8,0.0,0.0
570,1974.1,0.0,0.0
571,1971.5,0.0,0.0
572,1968.8,0.0,0.0
573,1966.2,0.0,0.0
574,1963.6,0.0,0.0
575,1960.9,0.0,0.0
576,1958.2,0.0,0.0
577,1955.6,0.0,0.0
578,1952.9,0.0,0.0
579,1950.3,0.0,0.0
580,1947.6,0.0,0.0
581,1944.9,0.0,0.0
582,1942.3,0.0,0.0
583,1939.6,0.0,0.0
584,1936.9,0.0,0.0
585,1934.3,0.0,0.0
586,1931.6,0.0,0.0
587,1928.9,0.0,0.0
588,1926.2,0.0,0.0
589,1923.6,0.0,0.0
590,1997.8,0.0,0.0
591,2003,0.0,0.0
592,2077.9,0.0,0.0
593,2005.7,0.0,0.0
594,2075.4,0.0,0.0
595,2072.8,0.0,0.0
596,2070.3,0.0,0.0
597,2067.7,0.0,0.0
598,2065.1,0.0,0.0
599,2062.6,0.0,0.0
600,2060,0.0,0.0
601,2057.4,0.0,0.0
602,2054.9,0.0,0.0
603,2052.3,0.0,0.0
604,2049.7,0.0,0.0
605,2047.2,0.0,0.0
606,2044.6,0.0,0.0
607,2042,0.0,0.0
608,2039.4,0.0,0.0
609,2036.8,0.0,0.0
610,2034.2,0.0,0.0
611,2031.7,0.0,0.0
612,2029.1,0.0,0.0
613,2026.5,0.0,0.0
614,2023.9,0.0,0.0
615,2021.3,0.0,0.0
616,2018.7,0.0,0.0
617,2016.1,0.0,0.0
618,2013.5,0.0,0.0
619,2010.9,0.0,0.0
620,2008.3,0.0,0.0
621,2231.7,0.0,0.0
622,2236.5,0.0,0.0
623,1918.2,0.0,0.0
624,2448.2,0.0,0.0
625,2443.8,0.0,0.0
626,2441.6,0.0,0.0
627,2439.4,0.0,0.0
628,2437.2,0.0,0.0
629,2435,0.0,0.0
630,2432.8,0.0,0.0
631,2430.6,0.0,0.0
632,2428.4,0.0,0.0
633,2426.1,0.0,0.0
634,2423.9,0.0,0.0
635,2421.7,0.0,0.0
636,2419.5,0.0,0.0
637,2417.2,0.0,0.0
638,2415,0.0,0.0
639,2412.8,0.0,0.0
640,2410.5,0.0,0.0
641,2408.3,0.0,0.0
642,2406.1,0.0,0.0
643,2403.8,0.0,0.0
644,2401.6,0.0,0.0
645,2399.3,0.0,0.0
646,2397.1,0.0,0.0
647,2394.8,0.0,0.0
648,2392.6,0.0,0.0
649,2390.3,0.0,0.0
650,2388.1,0.0,0.0
651,2385.8,0.0,0.0
652,2446,0.0,0.0
653,2450.4,0.0,0.0
654,2381.3,0.0,0.0
655,2452.6,0.0,0.0
656,2513.1,0.0,0.0
657,2508.9,0.0,0.0
658,2506.7,0.0,0.0
659,2504.6,0.0,0.0
660,2502.4,0.0,0.0
661,2500.3,0.0,0.0
662,2498.2,0.0,0.0
663,2496,0.0,0.0
664,2493.9,0.0,0.0
665,2491.7,0.0,0.0
666,2489.6,0.0,0.0
667,2487.4,0.0,0.0
668,2485.2,0.0,0.0
669,2483.1,0.0,0.0
670,2480.9,0.0,0.0
671,2478.8,0.0,0.0
672,2476.6,0.0,0.0
673,2474.4,0.0,0.0
674,2472.2,0.0,0.0
675,2470.1,0.0,0.0
676,2467.9,0.0,0.0
677,2465.7,0.0,0.0
678,2463.5,0.0,0.0
679,2461.4,0.0,0.0
680,2459.2,0.0,0.0
681,2457,0.0,0.0
682,2454.8,0.0,0.0
683,2383.5,0.0,0.0
684,2379,0.0,0.0
685,2238.9,0.0,0.0
686,2307.6,0.0,0.0
687,2302.9,0.0,0.0
688,2300.6,0.0,0.0
689,2298.3,0.0,0.0
690,2295.9,0.0,0.0
691,2293.6,0.0,0.0
692,2291.2,0.0,0.0
693,2288.9,0.0,0.0
694,2286.5,0.0,0.0
695,2284.1,0.0,0.0
696,2281.8,0.0,0.0
697,2279.4,0.0,0.0
698,2277.1,0.0,0.0
699,2274.7,0.0,0.0
700,2272.3,0.0,0.0
701,2269.9,0.0,0.0
702,2267.6,0.0,0.0
703,2265.2,0.0,0.0
704,2262.8,0.0,0.0
705,2260.4,0.0,0.0
706,2258,0.0,0.0
707,2255.7,0.0,0.0
708,2253.3,0.0,0.0
709,2250.9,0.0,0.0
710,2248.5,0.0,0.0
711,2246.1,0.0,0.0
712,2243.7,0.0,0.0
713,2241.3,0.0,0.0
714,2305.3,0.0,0.0
715,2310,0.0,0.0
716,2376.7,0.0,0.0
717,2312.3,0.0,0.0
718,2374.5,0.0,0.0
719,2372.2,0.0,0.0
720,2369.9,0.0,0.0
721,2367.6,0.0,0.0
722,2365.4,0.0,0.0
723,2363.1,0.0,0.0
724,2360.8,0.0,0.0
725,2358.5,0.0,0.0
726,2356.2,0.0,0.0
727,2353.9,0.0,0.0
728,2351.6,0.0,0.0
729,2349.3,0.0,0.0
730,2347,0.0,0.0
731,2344.7,0.0,0.0
732,2342.4,0.0,0.0
733,2340.1,0.0,0.0
734,2337.8,0.0,0.0
735,2335.5,0.0,0.0
736,2333.2,0.0,0.0
737,2330.9,0.0,0.0
738,2328.6,0.0,0.0
739,2326.3,0.0,0.0
740,2323.9,0.0,0.0
741,2321.6,0.0,0.0
742,2319.3,0.0,0.0
743,2317,0.0,0.0
744,2314.6,0.0,0.0
745,1920.9,0.0,0.0
746,1915.5,0.0,0.0
747,2515.3,0.0,0.0
748,1355.6,0.0,0.0
749,1348.2,0.0,0.0
750,1344.5,0.0,0.0
751,1340.8,0.0,0.0
752,1337.1,0.0,0.0
753,1333.3,0.0,0.0
754,1329.6,0.0,0.0
755,1325.9,0.0,0.0
756,1322.2,0.0,0.0
757,1318.4,0.0,0.0
758,1314.7,0.0,0.0
759,1311,0.0,0.0
760,1307.3,0.0,0.0
761,1303.6,0.0,0.0
762,1299.8,0.0,0.0
763,1296.1,0.0,0.0
764,1292.4,0.0,0.0
765,1288.6,0.0,0.0
766,1284.9,0.0,0.0
767,1281.2,0.0,0.0
768,1277.4,0.0,0.0
769,1273.7,0.0,0.0
770,1269.9,0.0,0.0
771,1266.2,0.0,0.0
772,1262.4,0.0,0.0
773,1258.7,0.0,0.0
774,1255,0.0,0.0
775,1251.2,0.0,0.0
776,1351.9,0.0,0.0
777,1359.3,0.0,0.0
778,1243.7,0.0,0.0
779,1363,0.0,0.0
780,1466.3,0.0,0.0
781,1462.6,0.0,0.0
782,1459,0.0,0.0
783,1455.3,0.0,0.0
784,1451.6,0.0,0.0
785,1447.9,0.0,0.0
786,1444.3,0.0,0.0
787,1436.9,0.0,0.0
788,1433.2,0.0,0.0
789,1429.5,0.0,0.0
790,1425.8,0.0,0.0
791,1422.2,0.0,0.0
792,1418.5,0.0,0.0
793,1414.8,0.0,0.0
794,1411.1,0.0,0.0
795,1407.4,0.0,0.0
796,1403.7,0.0,0.0
797,1400,0.0,0.0
798,1396.3,0.0,0.0
799,1392.6,0.0,0.0
800,1388.9,0.0,0.0
801,1385.2,0.0,0.0
802,1381.6,0.0,0.0
803,1377.8,0.0,0.0
804,1374.1,0.0,0.0
805,1370.4,0.0,0.0
806,1366.7,0.0,0.0
807,1247.5,0.0,0.0
808,1240,0.0,0.0
809,1473.7,0.0,0.0
810,1122.9,0.0,0.0
811,1115.2,0.0,0.0
812,1111.4,0.0,0.0
813,1107.6,0.0,0.0
814,1103.8,0.0,0.0
815,1100,0.0,0.0
816,1096.2,0.0,0.0
817,1092.4,0.0,0.0
818,1088.6,0.0,0.0
819,1084.8,0.0,0.0
820,1080.9,0.0,0.0
821,1077.1,0.0,0.0
822,1073.3,0.0,0.0
823,1069.4,0.0,0.0
824,1065.6,0.0,0.0
825,1061.8,0.0,0.0
826,1058,0.0,0.0
827,1054.1,0.0,0.0
828,1050.3,0.0,0.0
829,1046.5,0.0,0.0
830,1042.6,0.0,0.0
831,1038.8,0.0,0.0
832,1034.9,0.0,0.0
833,1031.1,0.0,0.0
834,1027.3,0.0,0.0
835,1023.4,0.0,0.0
836,1019.6,0.0,0.0
837,1015.7,0.0,0.0
838,1119.1,0.0,0.0
839,1126.7,0.0,0.0
840,1236.2,0.0,0.0
841,1130.5,0.0,0.0
842,1232.4,0.0,0.0
843,1228.7,0.0,0.0
844,1224.9,0.0,0.0
845,1221.2,0.0,0.0
846,1217.4,0.0,0.0
847,1213.7,0.0,0.0
848,1209.9,0.0,0.0
849,1206.1,0.0,0.0
850,1202.3,0.0,0.0
851,1198.6,0.0,0.0
852,1194.8,0.0,0.0
853,1191,0.0,0.0
854,1187.3,0.0,0.0
855,1183.5,0.0,0.0
856,1179.7,0.0,0.0
857,1175.9,0.0,0.0
858,1172.2,0.0,0.0
859,1168.4,0.0,0.0
860,1164.6,0.0,0.0
861,1160.8,0.0,0.0
862,1157,0.0,0.0
863,1153.2,0.0,0.0
864,1149.4,0.0,0.0
865,1145.6,0.0,0.0
866,1141.8,0.0,0.0
867,1138.1,0.0,0.0
868,1134.3,0.0,0.0
869,1470,0.0,0.0
870,1477.3,0.0,0.0
871,1912.8,0.0,0.0
872,1810.6,0.0,0.0
873,1803.4,0.0,0.0
874,1799.8,0.0,0.0
875,1796.2,0.0,0.0
876,1792.6,0.0,0.0
877,1789,0.0,0.0
878,1785.4,0.0,0.0
879,1781.9,0.0,0.0
880,1778.3,0.0,0.0
881,1774.7,0.0,0.0
882,1771.1,0.0,0.0
883,1767.5,0.0,0.0
884,1763.9,0.0,0.0
885,1760.3,0.0,0.0
886,1756.7,0.0,0.0
887,1753.1,0.0,0.0
888,1749.5,0.0,0.0
889,1745.9,0.0,0.0
890,1742.3,0.0,0.0
891,1738.7,0.0,0.0
892,1735.1,0.0,0.0
893,1731.5,0.0,0.0
894,1727.9,0.0,0.0
895,1724.3,0.0,0.0
896,1720.7,0.0,0.0
897,1717.1,0.0,0.0
898,1713.5,0.0,0.0
899,1709.9,0.0,0.0
900,1807,0.0,0.0
901,1814.1,0.0,0.0
902,1702.7,0.0,0.0
903,1817.7,0.0,0.0
904,1910.1,0.0,0.0
905,1907.4,0.0,0.0
906,1904.7,0.0,0.0
907,1902,0.0,0.0
908,1900,0.0,0.0
909,1896.4,0.0,0.0
910,1892.8,0.0,0.0
911,1889.2,0.0,0.0
912,1885.7,0.0,0.0
913,1882.1,0.0,0.0
914,1878.5,0.0,0.0
915,1875,0.0,0.0
916,1871.4,0.0,0.0
917,1867.8,0.0,0.0
918,1864.2,0.0,0.0
919,1860.7,0.0,0.0
920,1857.1,0.0,0.0
921,1853.5,0.0,0.0
922,1849.9,0.0,0.0
923,1846.4,0.0,0.0
924,1842.8,0.0,0.0
925,1839.2,0.0,0.0
926,1835.6,0.0,0.0
927,1832.1,0.0,0.0
928,1828.5,0.0,0.0
929,1824.9,0.0,0.0
930,1821.3,0.0,0.0
931,1706.3,0.0,0.0
932,1699.1,0.0,0.0
933,1481,0.0,0.0
934,1586.9,0.0,0.0
935,1579.6,0.0,0.0
936,1575.9,0.0,0.0
937,1572.3,0.0,0.0
938,1568.7,0.0,0.0
939,1565,0.0,0.0
940,1561.4,0.0,0.0
941,1557.8,0.0,0.0
942,1554.1,0.0,0.0
943,1550.5,0.0,0.0
944,1546.8,0.0,0.0
945,1543.2,0.0,0.0
946,1539.5,0.0,0.0
947,1535.9,0.0,0.0
948,1532.2,0.0,0.0
949,1528.6,0.0,0.0
950,1524.9,0.0,0.0
951,1521.3,0.0,0.0
952,1517.6,0.0,0.0
953,1513.9,0.0,0.0
954,1510.3,0.0,0.0
955,1506.6,0.0,0.0
956,1503,0.0,0.0
957,1499.3,0.0,0.0
958,1495.7,0.0,0.0
959,1492,0.0,0.0
960,1488.3,0.0,0.0
961,1484.7,0.0,0.0
962,1583.2,0.0,0.0
963,1590.5,0.0,0.0
964,1695.5,0.0,0.0
965,1594.1,0.0,0.0
966,1691.9,0.0,0.0
967,1688.3,0.0,0.0
968,1684.7,0.0,0.0
969,1681.1,0.0,0.0
970,1677.4,0.0,0.0
971,1673.8,0.0,0.0
972,1670.2,0.0,0.0
973,1666.6,0.0,0.0
974,1663,0.0,0.0
975,1659.4,0.0,0.0
976,1655.8,0.0,0.0
977,1652.2,0.0,0.0
978,1648.5,0.0,0.0
979,1644.9,0.0,0.0
980,1641.3,0.0,0.0
981,1637.7,0.0,0.0
982,1634,0.0,0.0
983,1630.4,0.0,0.0
984,1626.8,0.0,0.0
985,1623.2,0.0,0.0
986,1619.5,0.0,0.0
987,1615.9,0.0,0.0
988,1612.3,0.0,0.0
989,1608.7,0.0,0.0
990,1605,0.0,0.0
991,1601.4,0.0,0.0
992,1597.8,0.0,0.0
993,338.9,0.0,0.0
